{
  "Total" : {
    "transaction" : "Total",
    "sampleCount" : 47535,
    "errorCount" : 0,
    "errorPct" : 0.0,
    "meanResTime" : 242.32315136215374,
    "medianResTime" : 233.0,
    "minResTime" : 52.0,
    "maxResTime" : 6396.0,
    "pct1ResTime" : 331.0,
    "pct2ResTime" : 452.9500000000007,
    "pct3ResTime" : 689.0,
    "throughput" : 391.5729642901273,
    "receivedKBytesPerSec" : 10992.749416612607,
    "sentKBytesPerSec" : 52.00578431978253
  },
  "HTTP Request" : {
    "transaction" : "HTTP Request",
    "sampleCount" : 47535,
    "errorCount" : 0,
    "errorPct" : 0.0,
    "meanResTime" : 242.32315136215374,
    "medianResTime" : 233.0,
    "minResTime" : 52.0,
    "maxResTime" : 6396.0,
    "pct1ResTime" : 331.0,
    "pct2ResTime" : 452.9500000000007,
    "pct3ResTime" : 689.0,
    "throughput" : 391.5729642901273,
    "receivedKBytesPerSec" : 10992.749416612607,
    "sentKBytesPerSec" : 52.00578431978253
  }
}