{
  "HTTP Request-1" : {
    "transaction" : "HTTP Request-1",
    "sampleCount" : 722,
    "errorCount" : 722,
    "errorPct" : 100.0,
    "meanResTime" : 227.78947368421032,
    "medianResTime" : 160.0,
    "minResTime" : 48.0,
    "maxResTime" : 1299.0,
    "pct1ResTime" : 424.0,
    "pct2ResTime" : 718.7500000000003,
    "pct3ResTime" : 773.0,
    "throughput" : 11.042963552102291,
    "receivedKBytesPerSec" : 16.239218245744176,
    "sentKBytesPerSec" : 1.3048814353558373
  },
  "Total" : {
    "transaction" : "Total",
    "sampleCount" : 92816,
    "errorCount" : 92094,
    "errorPct" : 99.222115,
    "meanResTime" : 65.67004611273927,
    "medianResTime" : 60.0,
    "minResTime" : 46.0,
    "maxResTime" : 1384.0,
    "pct1ResTime" : 69.0,
    "pct2ResTime" : 73.0,
    "pct3ResTime" : 90.0,
    "throughput" : 773.9052129540073,
    "receivedKBytesPerSec" : 564.3228672680144,
    "sentKBytesPerSec" : 92.15914083084581
  },
  "HTTP Request-0" : {
    "transaction" : "HTTP Request-0",
    "sampleCount" : 722,
    "errorCount" : 0,
    "errorPct" : 0.0,
    "meanResTime" : 80.47922437673115,
    "medianResTime" : 65.0,
    "minResTime" : 48.0,
    "maxResTime" : 359.0,
    "pct1ResTime" : 117.40000000000009,
    "pct2ResTime" : 187.70000000000005,
    "pct3ResTime" : 286.92999999999984,
    "throughput" : 11.048540123645713,
    "receivedKBytesPerSec" : 5.425519908795985,
    "sentKBytesPerSec" : 1.3055403857042296
  },
  "HTTP Request" : {
    "transaction" : "HTTP Request",
    "sampleCount" : 91372,
    "errorCount" : 91372,
    "errorPct" : 100.0,
    "meanResTime" : 64.27199798625345,
    "medianResTime" : 60.0,
    "minResTime" : 46.0,
    "maxResTime" : 1384.0,
    "pct1ResTime" : 69.0,
    "pct2ResTime" : 73.0,
    "pct3ResTime" : 90.0,
    "throughput" : 761.8650568655572,
    "receivedKBytesPerSec" : 552.5138154459402,
    "sentKBytesPerSec" : 90.73642707430044
  }
}